{
    "id": {
        "0": 1,
        "1": 2,
        "2": 3,
        "3": 4,
        "4": 5,
        "5": 6,
        "6": 7,
        "7": 8,
        "8": 9,
        "9": 10,
        "10": 11,
        "11": 12,
        "12": 13,
        "13": 14,
        "14": 15,
        "15": 16,
        "16": 17,
        "17": 18,
        "18": 19,
        "19": 20,
        "20": 21,
        "21": 22,
        "22": 23,
        "23": 24,
        "24": 25,
        "25": 26,
        "26": 27,
        "27": 28,
        "28": 29,
        "29": 30,
        "30": 31,
        "31": 32,
        "32": 33,
        "33": 34,
        "34": 35,
        "35": 36,
        "36": 37,
        "37": 38,
        "38": 39,
        "39": 40
    },
    "x": {
        "0": 32.51484549,
        "1": 32.51715767,
        "2": 32.50160921,
        "3": 32.49549468,
        "4": 32.47810468,
        "5": 32.42856784,
        "6": 32.42264322,
        "7": 32.44542406,
        "8": 32.45872417,
        "9": 32.49903456,
        "10": 32.53793527,
        "11": 32.50202088,
        "12": 32.4890287,
        "13": 32.48416678,
        "14": 32.47733794,
        "15": 32.49028279,
        "16": 32.49440484,
        "17": 32.49802432,
        "18": 32.49886631,
        "19": 32.4934799,
        "20": 32.49038645,
        "21": 32.48512823,
        "22": 32.48701098,
        "23": 32.48322764,
        "24": 32.48800939,
        "25": 32.49910612,
        "26": 32.49377034,
        "27": 32.51672503,
        "28": 32.4581258,
        "29": 32.48509697,
        "30": 32.52690445,
        "31": 32.513446,
        "32": 32.54314977,
        "33": 32.513338,
        "34": 32.47690373,
        "35": 32.45357433,
        "36": 32.500413,
        "37": 32.52063488,
        "38": 32.52260087,
        "39": 32.48617664
    },
    "y": {
        "0": 38.02009554,
        "1": 37.97904658,
        "2": 37.94606286,
        "3": 37.90419831,
        "4": 37.89259692,
        "5": 37.87463861,
        "6": 37.85319336,
        "7": 37.86173097,
        "8": 37.87082239,
        "9": 37.84870176,
        "10": 37.86530807,
        "11": 37.86584654,
        "12": 37.86584659,
        "13": 37.86712108,
        "14": 37.86636844,
        "15": 37.87088885,
        "16": 37.87212209,
        "17": 37.87151944,
        "18": 37.87208545,
        "19": 37.87477899,
        "20": 37.87423401,
        "21": 37.87501044,
        "22": 37.87695565,
        "23": 37.87770221,
        "24": 37.88253947,
        "25": 37.88657254,
        "26": 37.88832121,
        "27": 37.82895988,
        "28": 37.88483915,
        "29": 37.87210077,
        "30": 38.01005633,
        "31": 37.86905,
        "32": 37.86267197,
        "33": 37.949606,
        "34": 37.86058764,
        "35": 37.864353,
        "36": 37.9107576,
        "37": 38.00937327,
        "38": 38.01011699,
        "39": 37.87047751
    },
    "name": {
        "0": "\u0130STANBUL YOLU KAMP\u00dcS A G\u0130R\u0130\u015e",
        "1": "\u0130STANBUL YOLU FARAB\u0130 HASTANES\u0130 KAV\u015eA\u011eI",
        "2": "DO\u00c7.DR. HAL\u0130L \u00dcR\u00dcN CAD. SEL\u00c7UKLU BELED\u0130YE \u00d6N\u00dc",
        "3": "\u0130STANBUL YOLU AYDINLIK EVLER K\u00d6PR\u00dcL\u00dc KAV\u015eAGI",
        "4": "BEY\u015eEH\u0130R CAD.S\u0130LLE YOLU KAV\u015eA\u011eI",
        "5": "BEY\u015eEH\u0130R \u00c7EVRE YOLU TIP FAK\u00dcLTES\u0130 YANI",
        "6": "YEN\u0130 MERAM CAD.\u00c7AY BAH\u00c7ES\u0130 \u00d6N\u00dc",
        "7": "YEN\u0130 MERAM CAD.MERAM E\u011e\u0130T\u0130M ARA\u015eTIRMA HASTANES\u0130 \u00d6N\u00dc",
        "8": "S.AL\u0130 KEMAL CAD.MEL\u0130K\u015eAH PARKI YANI",
        "9": "A.\u00d6ZCAN CAD.ZAFER \u0130.\u00d6.O \u00d6N\u00dc-KOMEK",
        "10": "ALAADD\u0130N KAP CADDES\u0130.K.T.O \u00d6N\u00dc",
        "11": "P\u0130R\u0130ESAT CAD.KARATAY BELED\u0130YES\u0130 KAR\u015eISI",
        "12": "LARENDE CAD.BALIK HAL\u0130 \u00d6N\u00dc",
        "13": "FER\u0130TPA\u015eA CAD D.S.\u0130 \u00d6N\u00dc",
        "14": "\u0130STASYON CAD.GAR KAR\u015eISI",
        "15": "KAZIM KARABEK\u0130R CAD. CAMLIK\u00d6\u015eK \u00d6N\u00dc ZAFER",
        "16": "ALAADD\u0130N BULVARI \u0130\u015e BANKASI \u00d6N\u00dc",
        "17": "MEVLANA CAD.KAYALIPARK VAL\u0130L\u0130K \u00d6N\u00dc",
        "18": "MEVLANA CAD.H\u00dcK\u00dcMET MEYDANI \u015eERAFETT\u0130N CAM\u0130 \u00d6N\u00dc",
        "19": "KARATAY M\u00dcZES\u0130 KAR\u015eISI",
        "20": "ABDULEZELPA\u015eA CAD.K\u00dcLT\u00dcRPARK A G\u0130R\u0130\u015e\u0130",
        "21": "KEMERL\u0130 CAD.MAL\u0130YE KAR\u015eISI",
        "22": "VATAN CADDES\u0130 B\u00dcY\u00dcK\u015eEH\u0130R BELED\u0130YES\u0130 \u00d6N\u00dc",
        "23": "MEHMET HULUS\u0130 BAYBAL CAD.BERA OTEL KAR\u015eISI",
        "24": "RAUF DENKTA\u015e CAD.NENE HATUN PARK \u00d6N\u00dc",
        "25": "ANKARA CAD.EMN\u0130YET M\u00dcD\u00dcRL\u00dc\u011e\u00dc KAR\u015eISI",
        "26": "KULE CAD.KULE S\u0130TE KAR\u015eISI",
        "27": "ANTALYA \u00c7EVRE YOLU KARAMAN YOLU KAV\u015eA\u011eI",
        "28": "BEY\u015eEH\u0130R CAD.BA\u015eKENT HASTANES\u0130 KAR\u015eISI",
        "29": "ABDULEZELPA\u015eA CAD.MARA\u015eEL \u0130.\u00d6.O YANI",
        "30": "B\u00dcY\u00dcK H\u0130ZMET CADDES\u0130 VE OSMANLI CADDES\u0130 KES\u0130\u015e\u0130M\u0130",
        "31": "ASLANLI KI\u015eLA CAD. MEVLANA K\u00dcLT\u00dcR MERKEZ\u0130",
        "32": "CEM\u0130L \u00c7\u0130\u00c7EK CAD.ADL\u0130YE \u00d6N\u00dc PARK G\u0130R\u0130\u015e\u0130",
        "33": "\u0130STANBUL YOLU OTOGAR MEDA\u015e \u00d6N\u00dc",
        "34": "AZERBEYCAN CAD.TAPU KADASTRO B\u00d6LGES\u0130",
        "35": "YEN\u0130 MERAM CAD. E\u011e\u0130T\u0130M FAK\u00dcLTES\u0130 \u00d6N\u00dc",
        "36": "KADIN DO\u011eUM HASTANES\u0130",
        "37": "GEN\u00c7L\u0130K MERKEZ\u0130 \u00d6N\u00dc",
        "38": "MESAJ- OSMANLI CADDES\u0130 KES\u0130\u015e\u0130M\u0130",
        "39": "HOCA HASAN CAM\u0130 GEDAVET PARKI"
    },
    "bolge": {
        "0": "Sel\u00e7uklu",
        "1": "Sel\u00e7uklu",
        "2": "Sel\u00e7uklu",
        "3": "Sel\u00e7uklu",
        "4": "Sel\u00e7uklu",
        "5": "Meram",
        "6": "Meram",
        "7": "Meram",
        "8": "Meram",
        "9": "Meram",
        "10": "Karatay",
        "11": "Karatay",
        "12": "Meram",
        "13": "Meram",
        "14": "Meram",
        "15": "Meram",
        "16": "Meram",
        "17": "Meram",
        "18": "Meram",
        "19": "Sel\u00e7uklu",
        "20": "Sel\u00e7uklu",
        "21": "Sel\u00e7uklu",
        "22": "Sel\u00e7uklu",
        "23": "Sel\u00e7uklu",
        "24": "Sel\u00e7uklu",
        "25": "Karatay",
        "26": "Sel\u00e7uklu",
        "27": "Meram",
        "28": "Sel\u00e7uklu",
        "29": "Sel\u00e7uklu",
        "30": "Sel\u00e7uklu",
        "31": "Karatay",
        "32": "Karatay",
        "33": "Sel\u00e7uklu",
        "34": "Meram",
        "35": "Meram",
        "36": "Sel\u00e7uklu",
        "37": "Sel\u00e7uklu",
        "38": "Sel\u00e7uklu",
        "39": "Meram"
    },
    "peron_adet": {
        "0": 19,
        "1": 17,
        "2": 20,
        "3": 24,
        "4": 12,
        "5": 10,
        "6": 25,
        "7": 15,
        "8": 18,
        "9": 10,
        "10": 20,
        "11": 12,
        "12": 17,
        "13": 20,
        "14": 10,
        "15": 18,
        "16": 10,
        "17": 10,
        "18": 19,
        "19": 17,
        "20": 23,
        "21": 16,
        "22": 28,
        "23": 10,
        "24": 14,
        "25": 20,
        "26": 18,
        "27": 30,
        "28": 14,
        "29": 12,
        "30": 17,
        "31": 10,
        "32": 10,
        "33": 20,
        "34": 8,
        "35": 22,
        "36": 19,
        "37": 27,
        "38": 12,
        "39": 12
    }
}